INSERT INTO particles VALUES('Electron','e−','Lepton',0.5110000000000000097,-1.0,0.5,0.0,1,0,0,0,0,0,0,11,0,NULL,NULL,NULL);
INSERT INTO particles VALUES('Positron','e+','Lepton',0.5110000000000000097,1.0,0.5,0.0,0,0,0,0,0,0,0,-11,0,NULL,NULL,NULL);
INSERT INTO particles VALUES('Muon','μ−','Lepton',105.7000000000000028,-1.0,0.5,0.0,0,1,0,0,0,0,0,13,0,NULL,NULL,NULL);
INSERT INTO particles VALUES('Antimuon','μ+','Lepton',105.7000000000000028,1.0,0.5,0.0,0,0,0,0,0,0,0,-13,0,NULL,NULL,NULL);
INSERT INTO particles VALUES('Tau','τ−','Lepton',1776.90000000000009,-1.0,0.5,0.0,0,0,1,0,0,0,0,15,0,NULL,NULL,NULL);
INSERT INTO particles VALUES('Antitau','τ+','Lepton',1776.90000000000009,1.0,0.5,0.0,0,0,0,0,0,0,0,-15,0,NULL,NULL,NULL);
INSERT INTO particles VALUES('Electron neutrino','νe','Lepton',0.0,0.0,0.5,0.0,1,0,0,0,0,0,0,12,0,NULL,NULL,NULL);
INSERT INTO particles VALUES('Electron antineutrino','ν̄e','Lepton',0.0,0.0,0.5,0.0,-1,0,0,0,0,0,0,-12,0,NULL,NULL,NULL);
INSERT INTO particles VALUES('Muon neutrino','νμ','Lepton',0.0,0.0,0.5,0.0,0,1,0,0,0,0,0,14,0,NULL,NULL,NULL);
INSERT INTO particles VALUES('Muon antineutrino','ν̄μ','Lepton',0.0,0.0,0.5,0.0,0,-1,0,0,0,0,0,-14,0,NULL,NULL,NULL);
INSERT INTO particles VALUES('Tau neutrino','ντ','Lepton',0.0,0.0,0.5,0.0,0,0,1,0,0,0,0,16,0,NULL,NULL,NULL);
INSERT INTO particles VALUES('Tau antineutrino','ν̄τ','Lepton',0.0,0.0,0.5,0.0,0,0,-1,0,0,0,0,-16,0,NULL,NULL,NULL);
INSERT INTO particles VALUES('Up quark','u','Quark',2.160000000000000143,0.6666666666666669628,0.5,0.3333333333333329818,0,0,0,0,0,0,0,1,0,NULL,NULL,NULL);
INSERT INTO particles VALUES('AntiUp quark','ū','Quark',2.160000000000000143,-0.6666666666666669628,0.5,-0.3333333333333329818,0,0,0,0,0,0,0,-1,0,NULL,NULL,NULL);
INSERT INTO particles VALUES('Down quark','d','Quark',4.669999999999999929,-0.3333333333333329818,0.5,0.3333333333333329818,0,0,0,0,0,0,0,2,0,NULL,NULL,NULL);
INSERT INTO particles VALUES('AntiDown quark','d̄','Quark',4.669999999999999929,0.3333333333333329818,0.5,-0.3333333333333329818,0,0,0,0,0,0,0,-2,0,NULL,NULL,NULL);
INSERT INTO particles VALUES('Strange quark','s','Quark',93.0,-0.3333333333333329818,0.5,0.3333333333333329818,0,0,0,-1,0,0,0,3,0,NULL,NULL,NULL);
INSERT INTO particles VALUES('AntiStrange quark','s̄','Quark',93.0,0.3333333333333329818,0.5,-0.3333333333333329818,0,0,0,1,0,0,0,-3,0,NULL,NULL,NULL);
INSERT INTO particles VALUES('Charm quark','c','Quark',1270.0,0.6666666666666669628,0.5,0.3333333333333329818,0,0,0,0,1,0,0,4,0,NULL,NULL,NULL);
INSERT INTO particles VALUES('AntiCharm quark','c̄','Quark',1270.0,-0.6666666666666669628,0.5,-0.3333333333333329818,0,0,0,0,-1,0,0,-4,0,NULL,NULL,NULL);
INSERT INTO particles VALUES('Bottom quark','b','Quark',4180.0,-0.3333333333333329818,0.5,0.3333333333333329818,0,0,0,0,0,-1,0,5,0,NULL,NULL,NULL);
INSERT INTO particles VALUES('AntiBottom quark','b̄','Quark',4180.0,0.3333333333333329818,0.5,-0.3333333333333329818,0,0,0,0,0,1,0,-5,0,NULL,NULL,NULL);
INSERT INTO particles VALUES('Top quark','t','Quark',172760.0,0.6666666666666669628,0.5,0.3333333333333329818,0,0,0,0,0,0,1,6,0,NULL,NULL,NULL);
INSERT INTO particles VALUES('AntiTop quark','t̄','Quark',172760.0,-0.6666666666666669628,0.5,-0.3333333333333329818,0,0,0,0,0,0,-1,-6,0,NULL,NULL,NULL);
INSERT INTO particles VALUES('Photon','γ','Boson',0.0,0.0,1.0,0.0,0,0,0,0,0,0,0,22,1,NULL,NULL,NULL);
INSERT INTO particles VALUES('Gluon','g','Boson',0.0,0.0,1.0,0.0,0,0,0,0,0,0,0,21,1,NULL,NULL,NULL);
INSERT INTO particles VALUES('Z boson','Z0','Boson',91187.0,0.0,1.0,0.0,0,0,0,0,0,0,0,23,1,NULL,NULL,NULL);
INSERT INTO particles VALUES('W+ boson','W+','Boson',80379.0,1.0,1.0,0.0,0,0,0,0,0,0,0,24,0,NULL,NULL,NULL);
INSERT INTO particles VALUES('W- boson','W−','Boson',80379.0,-1.0,1.0,0.0,0,0,0,0,0,0,0,-24,0,NULL,NULL,NULL);
INSERT INTO particles VALUES('Higgs boson','H0','Boson',125090.0,0.0,0.0,0.0,0,0,0,0,0,0,0,25,1,NULL,NULL,NULL);
INSERT INTO particles VALUES('Proton','p','Baryon',938.272000000000048,1.0,0.5,1.0,0,0,0,0,0,0,0,2212,0,NULL,NULL,NULL);
INSERT INTO particles VALUES('Antiproton','p̄','Baryon',938.272000000000048,-1.0,0.5,-1.0,0,0,0,0,0,0,0,-2212,0,NULL,NULL,NULL);
INSERT INTO particles VALUES('Neutron','n','Baryon',939.565000000000054,0.0,0.5,1.0,0,0,0,0,0,0,0,2112,0,NULL,NULL,NULL);
INSERT INTO particles VALUES('Antineutron','n̄','Baryon',939.565000000000054,0.0,0.5,-1.0,0,0,0,0,0,0,0,-2112,0,NULL,NULL,NULL);
INSERT INTO particles VALUES('Pion+','π+','Meson',139.5699999999999932,1.0,0.0,0.0,0,0,0,0,0,0,0,211,0,NULL,NULL,NULL);
INSERT INTO particles VALUES('Pion-','π−','Meson',139.5699999999999932,-1.0,0.0,0.0,0,0,0,0,0,0,0,-211,0,NULL,NULL,NULL);
INSERT INTO particles VALUES('Pion0','π0','Meson',134.9770000000000038,0.0,0.0,0.0,0,0,0,0,0,0,0,111,1,NULL,NULL,NULL);
INSERT INTO particles VALUES('Kaon+','K+','Meson',493.6770000000000209,1.0,0.0,0.0,0,0,0,1,0,0,0,321,0,NULL,NULL,NULL);
INSERT INTO particles VALUES('Kaon-','K−','Meson',493.6770000000000209,-1.0,0.0,0.0,0,0,0,-1,0,0,0,-321,0,NULL,NULL,NULL);
INSERT INTO particles VALUES('Kaon0','K0','Meson',497.61099999999999,0.0,0.0,0.0,0,0,0,1,0,0,0,311,0,NULL,NULL,NULL);
INSERT INTO particles VALUES('Antikaon0','K̄0','Meson',497.61099999999999,0.0,0.0,0.0,0,0,0,-1,0,0,0,-311,0,NULL,NULL,NULL);
INSERT INTO particles VALUES('Lambda','Λ','Baryon',1115.682999999999993,0.0,0.5,1.0,0,0,0,-1,0,0,0,3122,0,NULL,NULL,NULL);
INSERT INTO particles VALUES('Antilambda','Λ̄','Baryon',1115.682999999999993,0.0,0.5,-1.0,0,0,0,1,0,0,0,-3122,0,NULL,NULL,NULL);
INSERT INTO decays (pdg_id, decay_mode, branching_fraction) VALUES (211,'μ+ νμ',0.999877000000000015) ON CONFLICT (pdg_id, decay_mode) DO NOTHING;
INSERT INTO decays (pdg_id, decay_mode, branching_fraction) VALUES (-211,'μ− ν̄μ',0.999877000000000015) ON CONFLICT (pdg_id, decay_mode) DO NOTHING;
INSERT INTO decays (pdg_id, decay_mode, branching_fraction) VALUES (111,'γ γ',0.988230000000000052) ON CONFLICT (pdg_id, decay_mode) DO NOTHING;
INSERT INTO decays (pdg_id, decay_mode, branching_fraction) VALUES (321,'μ+ νμ',0.6356000000000000539) ON CONFLICT (pdg_id, decay_mode) DO NOTHING;
INSERT INTO decays (pdg_id, decay_mode, branching_fraction) VALUES (-321,'μ− ν̄μ',0.6356000000000000539) ON CONFLICT (pdg_id, decay_mode) DO NOTHING;
INSERT INTO decays (pdg_id, decay_mode, branching_fraction) VALUES (311,'π− e+ νe (Ke3-like)',0.4050000000000000267) ON CONFLICT (pdg_id, decay_mode) DO NOTHING;
INSERT INTO decays (pdg_id, decay_mode, branching_fraction) VALUES (2212,'stable (for detector)',1.0) ON CONFLICT (pdg_id, decay_mode) DO NOTHING;
INSERT INTO decays (pdg_id, decay_mode, branching_fraction) VALUES (2112,'p e− ν̄e',1.0) ON CONFLICT (pdg_id, decay_mode) DO NOTHING;
INSERT INTO decays (pdg_id, decay_mode, branching_fraction) VALUES (23,'e+ e−',0.03366000000000000241) ON CONFLICT (pdg_id, decay_mode) DO NOTHING;
INSERT INTO decays (pdg_id, decay_mode, branching_fraction) VALUES (23,'μ+ μ−',0.03366000000000000241) ON CONFLICT (pdg_id, decay_mode) DO NOTHING;
INSERT INTO decays (pdg_id, decay_mode, branching_fraction) VALUES (24,'e+ νe',0.1071000000000000007) ON CONFLICT (pdg_id, decay_mode) DO NOTHING;
INSERT INTO decays (pdg_id, decay_mode, branching_fraction) VALUES (24,'μ+ νμ',0.1063000000000000055) ON CONFLICT (pdg_id, decay_mode) DO NOTHING;
INSERT INTO decays (pdg_id, decay_mode, branching_fraction) VALUES (-24,'e− ν̄e',0.1071000000000000007) ON CONFLICT (pdg_id, decay_mode) DO NOTHING;
INSERT INTO decays (pdg_id, decay_mode, branching_fraction) VALUES (-24,'μ− ν̄μ',0.1060999999999999999) ON CONFLICT (pdg_id, decay_mode) DO NOTHING;
INSERT INTO decays (pdg_id, decay_mode, branching_fraction) VALUES (25,'b b̄',0.5824000000000000287) ON CONFLICT (pdg_id, decay_mode) DO NOTHING;
INSERT INTO decays (pdg_id, decay_mode, branching_fraction) VALUES (25,'b b̄',0.5824000000000000287/1.0) ON CONFLICT (pdg_id, decay_mode) DO NOTHING; -- duplicate kept, will be ignored
INSERT INTO decays (pdg_id, decay_mode, branching_fraction) VALUES (25,'W+ W−',0.215000000000) ON CONFLICT (pdg_id, decay_mode) DO NOTHING;
INSERT INTO decays (pdg_id, decay_mode, branching_fraction) VALUES (25,'Z0 Z0',0.026000000000) ON CONFLICT (pdg_id, decay_mode) DO NOTHING;
INSERT INTO decays (pdg_id, decay_mode, branching_fraction) VALUES (25,'τ+ τ−',0.063000000000) ON CONFLICT (pdg_id, decay_mode) DO NOTHING;
INSERT INTO decays (pdg_id, decay_mode, branching_fraction) VALUES (25,'γ γ',0.2300000000000000099) ON CONFLICT (pdg_id, decay_mode) DO NOTHING;
INSERT INTO decays (pdg_id, decay_mode, branching_fraction) VALUES (25,'gg',0.085000000000) ON CONFLICT (pdg_id, decay_mode) DO NOTHING;
INSERT INTO decays (pdg_id, decay_mode, branching_fraction) VALUES (25,'μ+ μ−',0.02199999999999999873) ON CONFLICT (pdg_id, decay_mode) DO NOTHING;
INSERT INTO decays (pdg_id, decay_mode, branching_fraction) VALUES (23,'e+ e−',0.033700000000) ON CONFLICT (pdg_id, decay_mode) DO NOTHING;
INSERT INTO decays (pdg_id, decay_mode, branching_fraction) VALUES (23,'μ+ μ−',0.033700000000) ON CONFLICT (pdg_id, decay_mode) DO NOTHING;
INSERT INTO decays (pdg_id, decay_mode, branching_fraction) VALUES (23,'τ+ τ−',0.033600000000) ON CONFLICT (pdg_id, decay_mode) DO NOTHING;
INSERT INTO decays (pdg_id, decay_mode, branching_fraction) VALUES (23,'νe ν̄e',0.067000000000) ON CONFLICT (pdg_id, decay_mode) DO NOTHING;
INSERT INTO decays (pdg_id, decay_mode, branching_fraction) VALUES (23,'νμ ν̄μ',0.067000000000) ON CONFLICT (pdg_id, decay_mode) DO NOTHING;
INSERT INTO decays (pdg_id, decay_mode, branching_fraction) VALUES (23,'ντ ν̄τ',0.067000000000) ON CONFLICT (pdg_id, decay_mode) DO NOTHING;
INSERT INTO decays (pdg_id, decay_mode, branching_fraction) VALUES (23,'qq̄',0.699000000000) ON CONFLICT (pdg_id, decay_mode) DO NOTHING;
INSERT INTO decays (pdg_id, decay_mode, branching_fraction) VALUES (24,'e+ νe',0.107000000000) ON CONFLICT (pdg_id, decay_mode) DO NOTHING;
INSERT INTO decays (pdg_id, decay_mode, branching_fraction) VALUES (24,'μ+ νμ',0.106000000000) ON CONFLICT (pdg_id, decay_mode) DO NOTHING;
INSERT INTO decays (pdg_id, decay_mode, branching_fraction) VALUES (24,'τ+ ντ',0.113000000000) ON CONFLICT (pdg_id, decay_mode) DO NOTHING;
INSERT INTO decays (pdg_id, decay_mode, branching_fraction) VALUES (24,'qq̄',0.674000000000) ON CONFLICT (pdg_id, decay_mode) DO NOTHING;
INSERT INTO decays (pdg_id, decay_mode, branching_fraction) VALUES (-24,'e− ν̄e',0.107000000000) ON CONFLICT (pdg_id, decay_mode) DO NOTHING;
INSERT INTO decays (pdg_id, decay_mode, branching_fraction) VALUES (-24,'μ− ν̄μ',0.106000000000) ON CONFLICT (pdg_id, decay_mode) DO NOTHING;
INSERT INTO decays (pdg_id, decay_mode, branching_fraction) VALUES (-24,'τ− ν̄τ',0.113000000000) ON CONFLICT (pdg_id, decay_mode) DO NOTHING;
INSERT INTO decays (pdg_id, decay_mode, branching_fraction) VALUES (-24,'qq̄',0.674000000000) ON CONFLICT (pdg_id, decay_mode) DO NOTHING;
INSERT INTO decays (pdg_id, decay_mode, branching_fraction) VALUES(211,'μ+ νμ',0.999877000000000015) ON CONFLICT (pdg_id, decay_mode) DO NOTHING;
INSERT INTO decays (pdg_id, decay_mode, branching_fraction) VALUES(-211,'μ− ν̄μ',0.999877000000000015) ON CONFLICT (pdg_id, decay_mode) DO NOTHING;
INSERT INTO decays (pdg_id, decay_mode, branching_fraction) VALUES(111,'γ γ',0.988230000000000052) ON CONFLICT (pdg_id, decay_mode) DO NOTHING;
INSERT INTO decays (pdg_id, decay_mode, branching_fraction) VALUES(321,'μ+ νμ',0.6356000000000000539) ON CONFLICT (pdg_id, decay_mode) DO NOTHING;
INSERT INTO decays (pdg_id, decay_mode, branching_fraction) VALUES(-321,'μ− ν̄μ',0.6356000000000000539) ON CONFLICT (pdg_id, decay_mode) DO NOTHING;
INSERT INTO decays (pdg_id, decay_mode, branching_fraction) VALUES(311,'π− e+ νe (Ke3-like)',0.4050000000000000267) ON CONFLICT (pdg_id, decay_mode) DO NOTHING;
INSERT INTO decays (pdg_id, decay_mode, branching_fraction) VALUES(2212,'stable (for detector)',1.0) ON CONFLICT (pdg_id, decay_mode) DO NOTHING;
INSERT INTO decays (pdg_id, decay_mode, branching_fraction) VALUES(2112,'p e− ν̄e',1.0) ON CONFLICT (pdg_id, decay_mode) DO NOTHING;
INSERT INTO decays (pdg_id, decay_mode, branching_fraction) VALUES(23,'e+ e−',0.03366000000000000241) ON CONFLICT (pdg_id, decay_mode) DO NOTHING;
INSERT INTO decays (pdg_id, decay_mode, branching_fraction) VALUES(23,'μ+ μ−',0.03366000000000000241) ON CONFLICT (pdg_id, decay_mode) DO NOTHING;
INSERT INTO decays (pdg_id, decay_mode, branching_fraction) VALUES(24,'e+ νe',0.1071000000000000007) ON CONFLICT (pdg_id, decay_mode) DO NOTHING;
INSERT INTO decays (pdg_id, decay_mode, branching_fraction) VALUES(24,'μ+ νμ',0.1063000000000000055) ON CONFLICT (pdg_id, decay_mode) DO NOTHING;
INSERT INTO decays (pdg_id, decay_mode, branching_fraction) VALUES(-24,'e− ν̄e',0.1071000000000000007) ON CONFLICT (pdg_id, decay_mode) DO NOTHING;
INSERT INTO decays (pdg_id, decay_mode, branching_fraction) VALUES(-24,'μ− ν̄μ',0.1060999999999999999) ON CONFLICT (pdg_id, decay_mode) DO NOTHING;
INSERT INTO decays (pdg_id, decay_mode, branching_fraction) VALUES(25,'b b̄',0.5824000000000000287) ON CONFLICT (pdg_id, decay_mode) DO NOTHING;
INSERT INTO decays (pdg_id, decay_mode, branching_fraction) VALUES(25,'b b̄',0.5824000000000000287/1.0) ON CONFLICT (pdg_id, decay_mode) DO NOTHING; -- duplicate kept, will be ignored
INSERT INTO decays (pdg_id, decay_mode, branching_fraction) VALUES(25,'W+ W−',0.215000000000) ON CONFLICT (pdg_id, decay_mode) DO NOTHING;
INSERT INTO decays (pdg_id, decay_mode, branching_fraction) VALUES(25,'Z0 Z0',0.026000000000) ON CONFLICT (pdg_id, decay_mode) DO NOTHING;
INSERT INTO decays (pdg_id, decay_mode, branching_fraction) VALUES(25,'τ+ τ−',0.063000000000) ON CONFLICT (pdg_id, decay_mode) DO NOTHING;
INSERT INTO decays (pdg_id, decay_mode, branching_fraction) VALUES(25,'γ γ',0.2300000000000000099) ON CONFLICT (pdg_id, decay_mode) DO NOTHING;
INSERT INTO decays (pdg_id, decay_mode, branching_fraction) VALUES(25,'gg',0.085000000000) ON CONFLICT (pdg_id, decay_mode) DO NOTHING;
INSERT INTO decays (pdg_id, decay_mode, branching_fraction) VALUES(25,'μ+ μ−',0.02199999999999999873) ON CONFLICT (pdg_id, decay_mode) DO NOTHING;
INSERT INTO decays (pdg_id, decay_mode, branching_fraction) VALUES(23,'e+ e−',0.033700000000) ON CONFLICT (pdg_id, decay_mode) DO NOTHING;
INSERT INTO decays (pdg_id, decay_mode, branching_fraction) VALUES(23,'μ+ μ−',0.033700000000) ON CONFLICT (pdg_id, decay_mode) DO NOTHING;
INSERT INTO decays (pdg_id, decay_mode, branching_fraction) VALUES(23,'τ+ τ−',0.033600000000) ON CONFLICT (pdg_id, decay_mode) DO NOTHING;
INSERT INTO decays (pdg_id, decay_mode, branching_fraction) VALUES(23,'νe ν̄e',0.067000000000) ON CONFLICT (pdg_id, decay_mode) DO NOTHING;
INSERT INTO decays (pdg_id, decay_mode, branching_fraction) VALUES(23,'νμ ν̄μ',0.067000000000) ON CONFLICT (pdg_id, decay_mode) DO NOTHING;
INSERT INTO decays (pdg_id, decay_mode, branching_fraction) VALUES(23,'ντ ν̄τ',0.067000000000) ON CONFLICT (pdg_id, decay_mode) DO NOTHING;
INSERT INTO decays (pdg_id, decay_mode, branching_fraction) VALUES(23,'qq̄',0.699000000000) ON CONFLICT (pdg_id, decay_mode) DO NOTHING;
INSERT INTO decays (pdg_id, decay_mode, branching_fraction) VALUES(24,'e+ νe',0.107000000000) ON CONFLICT (pdg_id, decay_mode) DO NOTHING;
INSERT INTO decays (pdg_id, decay_mode, branching_fraction) VALUES(24,'μ+ νμ',0.106000000000) ON CONFLICT (pdg_id, decay_mode) DO NOTHING;
INSERT INTO decays (pdg_id, decay_mode, branching_fraction) VALUES(24,'τ+ ντ',0.113000000000) ON CONFLICT (pdg_id, decay_mode) DO NOTHING;
INSERT INTO decays (pdg_id, decay_mode, branching_fraction) VALUES(24,'qq̄',0.674000000000) ON CONFLICT (pdg_id, decay_mode) DO NOTHING;
INSERT INTO decays (pdg_id, decay_mode, branching_fraction) VALUES(-24,'e− ν̄e',0.107000000000) ON CONFLICT (pdg_id, decay_mode) DO NOTHING;
INSERT INTO decays (pdg_id, decay_mode, branching_fraction) VALUES(-24,'μ− ν̄μ',0.106000000000) ON CONFLICT (pdg_id, decay_mode) DO NOTHING;
INSERT INTO decays (pdg_id, decay_mode, branching_fraction) VALUES(-24,'τ− ν̄τ',0.113000000000) ON CONFLICT (pdg_id, decay_mode) DO NOTHING;
INSERT INTO decays (pdg_id, decay_mode, branching_fraction) VALUES(-24,'qq̄',0.674000000000) ON CONFLICT (pdg_id, decay_mode) DO NOTHING;
INSERT INTO decays (pdg_id, decay_mode, branching_fraction) VALUES(211,'μ+ νμ',0.999877000000000015) ON CONFLICT (pdg_id, decay_mode) DO NOTHING;
INSERT INTO decays (pdg_id, decay_mode, branching_fraction) VALUES(-211,'μ− ν̄μ',0.999877000000000015) ON CONFLICT (pdg_id, decay_mode) DO NOTHING;
INSERT INTO decays (pdg_id, decay_mode, branching_fraction) VALUES(111,'γ γ',0.988230000000000052) ON CONFLICT (pdg_id, decay_mode) DO NOTHING;
INSERT INTO decays (pdg_id, decay_mode, branching_fraction) VALUES(321,'μ+ νμ',0.6356000000000000539) ON CONFLICT (pdg_id, decay_mode) DO NOTHING;
INSERT INTO decays (pdg_id, decay_mode, branching_fraction) VALUES(-321,'μ− ν̄μ',0.6356000000000000539) ON CONFLICT (pdg_id, decay_mode) DO NOTHING;
INSERT INTO decays (pdg_id, decay_mode, branching_fraction) VALUES(311,'π− e+ νe (Ke3-like)',0.4050000000000000267) ON CONFLICT (pdg_id, decay_mode) DO NOTHING;
INSERT INTO decays (pdg_id, decay_mode, branching_fraction) VALUES(2212,'stable (for detector)',1.0) ON CONFLICT (pdg_id, decay_mode) DO NOTHING;
INSERT INTO decays (pdg_id, decay_mode, branching_fraction) VALUES(2112,'p e− ν̄e',1.0) ON CONFLICT (pdg_id, decay_mode) DO NOTHING;
INSERT INTO decays (pdg_id, decay_mode, branching_fraction) VALUES(23,'e+ e−',0.03366000000000000241) ON CONFLICT (pdg_id, decay_mode) DO NOTHING;
INSERT INTO decays (pdg_id, decay_mode, branching_fraction) VALUES(23,'μ+ μ−',0.03366000000000000241) ON CONFLICT (pdg_id, decay_mode) DO NOTHING;
INSERT INTO decays (pdg_id, decay_mode, branching_fraction) VALUES(24,'e+ νe',0.1071000000000000007) ON CONFLICT (pdg_id, decay_mode) DO NOTHING;
INSERT INTO decays (pdg_id, decay_mode, branching_fraction) VALUES(24,'μ+ νμ',0.1063000000000000055) ON CONFLICT (pdg_id, decay_mode) DO NOTHING;
INSERT INTO decays (pdg_id, decay_mode, branching_fraction) VALUES(-24,'e− ν̄e',0.1071000000000000007) ON CONFLICT (pdg_id, decay_mode) DO NOTHING;
INSERT INTO decays (pdg_id, decay_mode, branching_fraction) VALUES(-24,'μ− ν̄μ',0.1060999999999999999) ON CONFLICT (pdg_id, decay_mode) DO NOTHING;
INSERT INTO decays (pdg_id, decay_mode, branching_fraction) VALUES(25,'b b̄',0.5824000000000000287) ON CONFLICT (pdg_id, decay_mode) DO NOTHING;
INSERT INTO decays (pdg_id, decay_mode, branching_fraction) VALUES(25,'b b̄',0.5824000000000000287/1.0) ON CONFLICT (pdg_id, decay_mode) DO NOTHING; -- duplicate kept, will be ignored
INSERT INTO decays (pdg_id, decay_mode, branching_fraction) VALUES(25,'W+ W−',0.215000000000) ON CONFLICT (pdg_id, decay_mode) DO NOTHING;
INSERT INTO decays (pdg_id, decay_mode, branching_fraction) VALUES(25,'Z0 Z0',0.026000000000) ON CONFLICT (pdg_id, decay_mode) DO NOTHING;
INSERT INTO decays (pdg_id, decay_mode, branching_fraction) VALUES(25,'τ+ τ−',0.063000000000) ON CONFLICT (pdg_id, decay_mode) DO NOTHING;
INSERT INTO decays (pdg_id, decay_mode, branching_fraction) VALUES(25,'γ γ',0.2300000000000000099) ON CONFLICT (pdg_id, decay_mode) DO NOTHING;
INSERT INTO decays (pdg_id, decay_mode, branching_fraction) VALUES(25,'gg',0.085000000000) ON CONFLICT (pdg_id, decay_mode) DO NOTHING;
INSERT INTO decays (pdg_id, decay_mode, branching_fraction) VALUES(25,'μ+ μ−',0.02199999999999999873) ON CONFLICT (pdg_id, decay_mode) DO NOTHING;
INSERT INTO decays (pdg_id, decay_mode, branching_fraction) VALUES(23,'e+ e−',0.033700000000) ON CONFLICT (pdg_id, decay_mode) DO NOTHING;
INSERT INTO decays (pdg_id, decay_mode, branching_fraction) VALUES(23,'μ+ μ−',0.033700000000) ON CONFLICT (pdg_id, decay_mode) DO NOTHING;
INSERT INTO decays (pdg_id, decay_mode, branching_fraction) VALUES(23,'τ+ τ−',0.033600000000) ON CONFLICT (pdg_id, decay_mode) DO NOTHING;
INSERT INTO decays (pdg_id, decay_mode, branching_fraction) VALUES(23,'νe ν̄e',0.067000000000) ON CONFLICT (pdg_id, decay_mode) DO NOTHING;
INSERT INTO decays (pdg_id, decay_mode, branching_fraction) VALUES(23,'νμ ν̄μ',0.067000000000) ON CONFLICT (pdg_id, decay_mode) DO NOTHING;
INSERT INTO decays (pdg_id, decay_mode, branching_fraction) VALUES(23,'ντ ν̄τ',0.067000000000) ON CONFLICT (pdg_id, decay_mode) DO NOTHING;
INSERT INTO decays (pdg_id, decay_mode, branching_fraction) VALUES(23,'qq̄',0.699000000000) ON CONFLICT (pdg_id, decay_mode) DO NOTHING;
INSERT INTO decays (pdg_id, decay_mode, branching_fraction) VALUES(24,'e+ νe',0.107000000000) ON CONFLICT (pdg_id, decay_mode) DO NOTHING;
INSERT INTO decays (pdg_id, decay_mode, branching_fraction) VALUES(24,'μ+ νμ',0.106000000000) ON CONFLICT (pdg_id, decay_mode) DO NOTHING;
INSERT INTO decays (pdg_id, decay_mode, branching_fraction) VALUES(24,'τ+ ντ',0.113000000000) ON CONFLICT (pdg_id, decay_mode) DO NOTHING;
INSERT INTO decays (pdg_id, decay_mode, branching_fraction) VALUES(24,'qq̄',0.674000000000) ON CONFLICT (pdg_id, decay_mode) DO NOTHING;
INSERT INTO decays (pdg_id, decay_mode, branching_fraction) VALUES(-24,'e− ν̄e',0.107000000000) ON CONFLICT (pdg_id, decay_mode) DO NOTHING;
INSERT INTO decays (pdg_id, decay_mode, branching_fraction) VALUES(-24,'μ− ν̄μ',0.106000000000) ON CONFLICT (pdg_id, decay_mode) DO NOTHING;
INSERT INTO decays (pdg_id, decay_mode, branching_fraction) VALUES(-24,'τ− ν̄τ',0.113000000000) ON CONFLICT (pdg_id, decay_mode) DO NOTHING;
INSERT INTO decays (pdg_id, decay_mode, branching_fraction) VALUES(-24,'qq̄',0.674000000000) ON CONFLICT (pdg_id, decay_mode) DO NOTHING;
INSERT INTO decays (pdg_id, decay_mode, branching_fraction) VALUES(211,'μ+ νμ',0.999877000000000015) ON CONFLICT (pdg_id, decay_mode) DO NOTHING;
INSERT INTO decays (pdg_id, decay_mode, branching_fraction) VALUES(-211,'μ− ν̄μ',0.999877000000000015) ON CONFLICT (pdg_id, decay_mode) DO NOTHING;
INSERT INTO decays (pdg_id, decay_mode, branching_fraction) VALUES(111,'γ γ',0.988230000000000052) ON CONFLICT (pdg_id, decay_mode) DO NOTHING;
INSERT INTO decays (pdg_id, decay_mode, branching_fraction) VALUES(321,'μ+ νμ',0.6356000000000000539) ON CONFLICT (pdg_id, decay_mode) DO NOTHING;
INSERT INTO decays (pdg_id, decay_mode, branching_fraction) VALUES(-321,'μ− ν̄μ',0.6356000000000000539) ON CONFLICT (pdg_id, decay_mode) DO NOTHING;
INSERT INTO decays (pdg_id, decay_mode, branching_fraction) VALUES(311,'π− e+ νe (Ke3-like)',0.4050000000000000267) ON CONFLICT (pdg_id, decay_mode) DO NOTHING;
INSERT INTO decays (pdg_id, decay_mode, branching_fraction) VALUES(2212,'stable (for detector)',1.0) ON CONFLICT (pdg_id, decay_mode) DO NOTHING;
INSERT INTO decays (pdg_id, decay_mode, branching_fraction) VALUES(2112,'p e− ν̄e',1.0) ON CONFLICT (pdg_id, decay_mode) DO NOTHING;
INSERT INTO decays (pdg_id, decay_mode, branching_fraction) VALUES(23,'e+ e−',0.03366000000000000241) ON CONFLICT (pdg_id, decay_mode) DO NOTHING;
INSERT INTO decays (pdg_id, decay_mode, branching_fraction) VALUES(23,'μ+ μ−',0.03366000000000000241) ON CONFLICT (pdg_id, decay_mode) DO NOTHING;
INSERT INTO decays (pdg_id, decay_mode, branching_fraction) VALUES(24,'e+ νe',0.1071000000000000007) ON CONFLICT (pdg_id, decay_mode) DO NOTHING;
INSERT INTO decays (pdg_id, decay_mode, branching_fraction) VALUES(24,'μ+ νμ',0.1063000000000000055) ON CONFLICT (pdg_id, decay_mode) DO NOTHING;
INSERT INTO decays (pdg_id, decay_mode, branching_fraction) VALUES(-24,'e− ν̄e',0.1071000000000000007) ON CONFLICT (pdg_id, decay_mode) DO NOTHING;
INSERT INTO decays (pdg_id, decay_mode, branching_fraction) VALUES(-24,'μ− ν̄μ',0.1060999999999999999) ON CONFLICT (pdg_id, decay_mode) DO NOTHING;
INSERT INTO decays (pdg_id, decay_mode, branching_fraction) VALUES(25,'b b̄',0.5824000000000000287) ON CONFLICT (pdg_id, decay_mode) DO NOTHING;

INSERT INTO events (id, parent, decay_mode, energy, event_weight, phase_space_weight) VALUES (1,'Pion+','μ+ νμ',139.5699999999999932,1.0,1.0);
INSERT INTO events (id, parent, decay_mode, energy, event_weight, phase_space_weight) VALUES (2,'Pion+','μ+ νμ',139.5699999999999932,1.0,1.0);
INSERT INTO events (id, parent, decay_mode, energy, event_weight, phase_space_weight) VALUES (3,'Pion+','μ+ νμ',139.5699999999999932,1.0,1.0);
INSERT INTO events (id, parent, decay_mode, energy, event_weight, phase_space_weight) VALUES (4,'Pion+','μ+ νμ',139.5699999999999932,1.0,1.0);
INSERT INTO events (id, parent, decay_mode, energy, event_weight, phase_space_weight) VALUES (5,'Pion+','μ+ νμ',139.5699999999999932,1.0,1.0);
INSERT INTO events (id, parent, decay_mode, energy, event_weight, phase_space_weight) VALUES (6,'Pion+','μ+ νμ',139.5699999999999932,1.0,1.0);
INSERT INTO events (id, parent, decay_mode, energy, event_weight, phase_space_weight) VALUES (7,'Pion+','μ+ νμ',139.5699999999999932,1.0,1.0);
INSERT INTO events (id, parent, decay_mode, energy, event_weight, phase_space_weight) VALUES (8,'Pion+','μ+ νμ',139.5699999999999932,1.0,1.0);
INSERT INTO events (id, parent, decay_mode, energy, event_weight, phase_space_weight) VALUES (9,'Pion+','μ+ νμ',139.5699999999999932,1.0,1.0);
INSERT INTO events (id, parent, decay_mode, energy, event_weight, phase_space_weight) VALUES (10,'Pion+','μ+ νμ',139.5699999999999932,1.0,1.0);
INSERT INTO events (id, parent, decay_mode, energy, event_weight, phase_space_weight) VALUES (11,'Pion+','μ+ νμ',139.5699999999999932,1.0,1.0);
INSERT INTO events (id, parent, decay_mode, energy, event_weight, phase_space_weight) VALUES (12,'Pion+','μ+ νμ',139.5699999999999932,1.0,1.0);
INSERT INTO events (id, parent, decay_mode, energy, event_weight, phase_space_weight) VALUES (13,'Pion+','μ+ νμ',139.5699999999999932,1.0,1.0);
INSERT INTO events (id, parent, decay_mode, energy, event_weight, phase_space_weight) VALUES (14,'Pion+','μ+ νμ',139.5699999999999932,1.0,1.0);
INSERT INTO events (id, parent, decay_mode, energy, event_weight, phase_space_weight) VALUES (15,'Pion+','μ+ νμ',139.5699999999999932,1.0,1.0);
INSERT INTO events (id, parent, decay_mode, energy, event_weight, phase_space_weight) VALUES (16,'Pion+','μ+ νμ',139.5699999999999932,1.0,1.0);
INSERT INTO events (id, parent, decay_mode, energy, event_weight, phase_space_weight) VALUES (17,'Pion+','μ+ νμ',139.5699999999999932,1.0,1.0);
INSERT INTO events (id, parent, decay_mode, energy, event_weight, phase_space_weight) VALUES (18,'Pion+','μ+ νμ',139.5699999999999932,1.0,1.0);
INSERT INTO events (id, parent, decay_mode, energy, event_weight, phase_space_weight) VALUES (19,'Pion+','μ+ νμ',139.5699999999999932,1.0,1.0);
INSERT INTO events (id, parent, decay_mode, energy, event_weight, phase_space_weight) VALUES (20,'Pion+','μ+ νμ',139.5699999999999932,1.0,1.0);
INSERT INTO events (id, parent, decay_mode, energy, event_weight, phase_space_weight) VALUES (21,'Pion+','μ+ νμ',139.5699999999999932,1.0,1.0);
INSERT INTO events (id, parent, decay_mode, energy, event_weight, phase_space_weight) VALUES (22,'Pion+','μ+ νμ',139.5699999999999932,1.0,1.0);
INSERT INTO events (id, parent, decay_mode, energy, event_weight, phase_space_weight) VALUES (23,'Pion+','μ+ νμ',139.5699999999999932,1.0,1.0);
INSERT INTO events (id, parent, decay_mode, energy, event_weight, phase_space_weight) VALUES (24,'Pion+','μ+ νμ',139.5699999999999932,1.0,1.0);
INSERT INTO events (id, parent, decay_mode, energy, event_weight, phase_space_weight) VALUES (25,'Pion+','μ+ νμ',139.5699999999999932,1.0,1.0);
INSERT INTO events (id, parent, decay_mode, energy, event_weight, phase_space_weight) VALUES (26,'Pion+','μ+ νμ',139.5699999999999932,1.0,1.0);
INSERT INTO events (id, parent, decay_mode, energy, event_weight, phase_space_weight) VALUES (27,'Pion+','μ+ νμ',139.5699999999999932,1.0,1.0);
INSERT INTO events (id, parent, decay_mode, energy, event_weight, phase_space_weight) VALUES (28,'Pion+','μ+ νμ',139.5699999999999932,1.0,1.0);
INSERT INTO events (id, parent, decay_mode, energy, event_weight, phase_space_weight) VALUES (29,'Pion+','μ+ νμ',139.5699999999999932,1.0,1.0);
INSERT INTO events (id, parent, decay_mode, energy, event_weight, phase_space_weight) VALUES (30,'Pion+','μ+ νμ',139.5699999999999932,1.0,1.0);
INSERT INTO events (id, parent, decay_mode, energy, event_weight, phase_space_weight) VALUES (31,'Pion+','μ+ νμ',139.5699999999999932,1.0,1.0);
INSERT INTO events (id, parent, decay_mode, energy, event_weight, phase_space_weight) VALUES (32,'Pion+','μ+ νμ',139.5699999999999932,1.0,1.0);
INSERT INTO events (id, parent, decay_mode, energy, event_weight, phase_space_weight) VALUES (33,'Pion+','μ+ νμ',139.5699999999999932,1.0,1.0);
INSERT INTO events (id, parent, decay_mode, energy, event_weight, phase_space_weight) VALUES (34,'Pion+','μ+ νμ',139.5699999999999932,1.0,1.0);
INSERT INTO events (id, parent, decay_mode, energy, event_weight, phase_space_weight) VALUES (35,'Pion+','μ+ νμ',139.5699999999999932,1.0,1.0);
INSERT INTO events (id, parent, decay_mode, energy, event_weight, phase_space_weight) VALUES (36,'Pion+','μ+ νμ',139.5699999999999932,1.0,1.0);
INSERT INTO events (id, parent, decay_mode, energy, event_weight, phase_space_weight) VALUES (37,'Pion+','μ+ νμ',139.5699999999999932,1.0,1.0);
INSERT INTO events (id, parent, decay_mode, energy, event_weight, phase_space_weight) VALUES (38,'Pion+','μ+ νμ',139.5699999999999932,1.0,1.0);
INSERT INTO events (id, parent, decay_mode, energy, event_weight, phase_space_weight) VALUES (39,'Pion+','μ+ νμ',139.5699999999999932,1.0,1.0);
INSERT INTO events (id, parent, decay_mode, energy, event_weight, phase_space_weight) VALUES (40,'Pion+','μ+ νμ',139.5699999999999932,1.0,1.0);
INSERT INTO events (id, parent, decay_mode, energy, event_weight, phase_space_weight) VALUES (41,'Pion+','μ+ νμ',139.5699999999999932,1.0,1.0);
INSERT INTO events (id, parent, decay_mode, energy, event_weight, phase_space_weight) VALUES (42,'Pion+','μ+ νμ',139.5699999999999932,1.0,1.0);
INSERT INTO events (id, parent, decay_mode, energy, event_weight, phase_space_weight) VALUES (43,'Pion+','μ+ νμ',139.5699999999999932,1.0,1.0);
INSERT INTO events (id, parent, decay_mode, energy, event_weight, phase_space_weight) VALUES (44,'Pion+','μ+ νμ',139.5699999999999932,1.0,1.0);
INSERT INTO events (id, parent, decay_mode, energy, event_weight, phase_space_weight) VALUES (45,'Pion+','μ+ νμ',139.5699999999999932,1.0,1.0);
INSERT INTO events (id, parent, decay_mode, energy, event_weight, phase_space_weight) VALUES (46,'Pion+','μ+ νμ',139.5699999999999932,1.0,1.0);
INSERT INTO events (id, parent, decay_mode, energy, event_weight, phase_space_weight) VALUES (47,'Pion+','μ+ νμ',139.5699999999999932,1.0,1.0);
INSERT INTO events (id, parent, decay_mode, energy, event_weight, phase_space_weight) VALUES (48,'Pion+','μ+ νμ',139.5699999999999932,1.0,1.0);
INSERT INTO events (id, parent, decay_mode, energy, event_weight, phase_space_weight) VALUES (49,'Pion+','μ+ νμ',139.5699999999999932,1.0,1.0);
INSERT INTO events (id, parent, decay_mode, energy, event_weight, phase_space_weight) VALUES (50,'Pion+','μ+ νμ',139.5699999999999932,1.0,1.0);
INSERT INTO events (id, parent, decay_mode, energy, event_weight, phase_space_weight) VALUES (51,'Pion+','μ+ νμ',139.5699999999999932,1.0,1.0);
INSERT INTO events (id, parent, decay_mode, energy, event_weight, phase_space_weight) VALUES (52,'Pion+','μ+ νμ',139.5699999999999932,1.0,1.0);
INSERT INTO events (id, parent, decay_mode, energy, event_weight, phase_space_weight) VALUES (53,'Pion+','μ+ νμ',139.5699999999999932,1.0,1.0);
INSERT INTO events (id, parent, decay_mode, energy, event_weight, phase_space_weight) VALUES (54,'Pion+','μ+ νμ',139.5699999999999932,1.0,1.0);
INSERT INTO events (id, parent, decay_mode, energy, event_weight, phase_space_weight) VALUES (55,'Pion+','μ+ νμ',139.5699999999999932,1.0,1.0);
INSERT INTO events (id, parent, decay_mode, energy, event_weight, phase_space_weight) VALUES (56,'Pion+','μ+ νμ',139.5699999999999932,1.0,1.0);
INSERT INTO events (id, parent, decay_mode, energy, event_weight, phase_space_weight) VALUES (57,'Pion+','μ+ νμ',139.5699999999999932,1.0,1.0);
INSERT INTO events (id, parent, decay_mode, energy, event_weight, phase_space_weight) VALUES (58,'Pion+','μ+ νμ',139.5699999999999932,1.0,1.0);
INSERT INTO events (id, parent, decay_mode, energy, event_weight, phase_space_weight) VALUES (59,'Pion+','μ+ νμ',139.5699999999999932,1.0,1.0);
INSERT INTO events (id, parent, decay_mode, energy, event_weight, phase_space_weight) VALUES (60,'Pion+','μ+ νμ',139.5699999999999932,1.0,1.0);
INSERT INTO events (id, parent, decay_mode, energy, event_weight, phase_space_weight) VALUES (61,'Pion+','μ+ νμ',139.5699999999999932,1.0,1.0);
INSERT INTO events (id, parent, decay_mode, energy, event_weight, phase_space_weight) VALUES (62,'Pion+','μ+ νμ',139.5699999999999932,1.0,1.0);
INSERT INTO events (id, parent, decay_mode, energy, event_weight, phase_space_weight) VALUES (63,'Pion+','μ+ νμ',139.5699999999999932,1.0,1.0);
INSERT INTO events (id, parent, decay_mode, energy, event_weight, phase_space_weight) VALUES (64,'Pion+','μ+ νμ',139.5699999999999932,1.0,1.0);
INSERT INTO events (id, parent, decay_mode, energy, event_weight, phase_space_weight) VALUES (65,'Pion+','μ+ νμ',139.5699999999999932,1.0,1.0);
INSERT INTO events (id, parent, decay_mode, energy, event_weight, phase_space_weight) VALUES (66,'Pion+','μ+ νμ',139.5699999999999932,1.0,1.0);
INSERT INTO events (id, parent, decay_mode, energy, event_weight, phase_space_weight) VALUES (67,'Pion+','μ+ νμ',139.5699999999999932,1.0,1.0);
INSERT INTO events (id, parent, decay_mode, energy, event_weight, phase_space_weight) VALUES (68,'Pion+','μ+ νμ',139.5699999999999932,1.0,1.0);
INSERT INTO events (id, parent, decay_mode, energy, event_weight, phase_space_weight) VALUES (69,'Pion+','μ+ νμ',139.5699999999999932,1.0,1.0);
INSERT INTO events (id, parent, decay_mode, energy, event_weight, phase_space_weight) VALUES (70,'Pion+','μ+ νμ',139.5699999999999932,1.0,1.0);
INSERT INTO events (id, parent, decay_mode, energy, event_weight, phase_space_weight) VALUES (71,'Pion+','μ+ νμ',139.5699999999999932,1.0,1.0);
INSERT INTO events (id, parent, decay_mode, energy, event_weight, phase_space_weight) VALUES (72,'Pion+','μ+ νμ',139.5699999999999932,1.0,1.0);
INSERT INTO events (id, parent, decay_mode, energy, event_weight, phase_space_weight) VALUES (73,'Pion+','μ+ νμ',139.5699999999999932,1.0,1.0);
INSERT INTO events (id, parent, decay_mode, energy, event_weight, phase_space_weight) VALUES (74,'Pion+','μ+ νμ',139.5699999999999932,1.0,1.0);
INSERT INTO events (id, parent, decay_mode, energy, event_weight, phase_space_weight) VALUES (75,'Pion+','μ+ νμ',139.5699999999999932,1.0,1.0);
INSERT INTO events (id, parent, decay_mode, energy, event_weight, phase_space_weight) VALUES (76,'Pion+','μ+ νμ',139.5699999999999932,1.0,1.0);
INSERT INTO events (id, parent, decay_mode, energy, event_weight, phase_space_weight) VALUES (77,'Pion+','μ+ νμ',139.5699999999999932,1.0,1.0);
INSERT INTO events (id, parent, decay_mode, energy, event_weight, phase_space_weight) VALUES (78,'Pion+','μ+ νμ',139.5699999999999932,1.0,1.0);
INSERT INTO events (id, parent, decay_mode, energy, event_weight, phase_space_weight) VALUES (79,'Pion+','μ+ νμ',139.5699999999999932,1.0,1.0);
INSERT INTO events (id, parent, decay_mode, energy, event_weight, phase_space_weight) VALUES (80,'Pion+','μ+ νμ',139.5699999999999932,1.0,1.0);
INSERT INTO events (id, parent, decay_mode, energy, event_weight, phase_space_weight) VALUES (81,'Pion+','μ+ νμ',139.5699999999999932,1.0,1.0);
INSERT INTO events (id, parent, decay_mode, energy, event_weight, phase_space_weight) VALUES (82,'Pion+','μ+ νμ',139.5699999999999932,1.0,1.0);
INSERT INTO events (id, parent, decay_mode, energy, event_weight, phase_space_weight) VALUES (83,'Pion+','μ+ νμ',139.5699999999999932,1.0,1.0);
INSERT INTO events (id, parent, decay_mode, energy, event_weight, phase_space_weight) VALUES (84,'Pion+','μ+ νμ',139.5699999999999932,1.0,1.0);
INSERT INTO events (id, parent, decay_mode, energy, event_weight, phase_space_weight) VALUES (85,'Pion+','μ+ νμ',139.5699999999999932,1.0,1.0);
INSERT INTO events (id, parent, decay_mode, energy, event_weight, phase_space_weight) VALUES (86,'Pion+','μ+ νμ',139.5699999999999932,1.0,1.0);
INSERT INTO events (id, parent, decay_mode, energy, event_weight, phase_space_weight) VALUES (87,'Pion+','μ+ νμ',139.5699999999999932,1.0,1.0);
INSERT INTO events (id, parent, decay_mode, energy, event_weight, phase_space_weight) VALUES (88,'Pion+','μ+ νμ',139.5699999999999932,1.0,1.0);
INSERT INTO events (id, parent, decay_mode, energy, event_weight, phase_space_weight) VALUES (89,'Pion+','μ+ νμ',139.5699999999999932,1.0,1.0);
INSERT INTO events (id, parent, decay_mode, energy, event_weight, phase_space_weight) VALUES (90,'Pion+','μ+ νμ',139.5699999999999932,1.0,1.0);
INSERT INTO events (id, parent, decay_mode, energy, event_weight, phase_space_weight) VALUES (91,'Pion+','μ+ νμ',139.5699999999999932,1.0,1.0);
INSERT INTO events (id, parent, decay_mode, energy, event_weight, phase_space_weight) VALUES (92,'Pion+','μ+ νμ',139.5699999999999932,1.0,1.0);
INSERT INTO events (id, parent, decay_mode, energy, event_weight, phase_space_weight) VALUES (93,'Pion+','μ+ νμ',139.5699999999999932,1.0,1.0);
INSERT INTO events (id, parent, decay_mode, energy, event_weight, phase_space_weight) VALUES (94,'Pion+','μ+ νμ',139.5699999999999932,1.0,1.0);
INSERT INTO events (id, parent, decay_mode, energy, event_weight, phase_space_weight) VALUES (95,'Pion+','μ+ νμ',139.5699999999999932,1.0,1.0);
INSERT INTO events (id, parent, decay_mode, energy, event_weight, phase_space_weight) VALUES (96,'Pion+','μ+ νμ',139.5699999999999932,1.0,1.0);
INSERT INTO events (id, parent, decay_mode, energy, event_weight, phase_space_weight) VALUES (97,'Pion+','μ+ νμ',139.5699999999999932,1.0,1.0);
INSERT INTO events (id, parent, decay_mode, energy, event_weight, phase_space_weight) VALUES (98,'Pion+','μ+ νμ',139.5699999999999932,1.0,1.0);
INSERT INTO events (id, parent, decay_mode, energy, event_weight, phase_space_weight) VALUES (99,'Pion+','μ+ νμ',139.5699999999999932,1.0,1.0);
INSERT INTO events (id, parent, decay_mode, energy, event_weight, phase_space_weight) VALUES (100,'Pion+','μ+ νμ',139.5699999999999932,1.0,1.0);
INSERT INTO events (id, parent, decay_mode, energy, event_weight, phase_space_weight) VALUES (101,'Pion+','μ+ νμ',139.5699999999999932,1.0,1.0);
INSERT INTO events (id, parent, decay_mode, energy, event_weight, phase_space_weight) VALUES (102,'Pion+','μ+ νμ',139.5699999999999932,1.0,1.0);
INSERT INTO events (id, parent, decay_mode, energy, event_weight, phase_space_weight) VALUES (103,'Pion+','μ+ νμ',139.5699999999999932,1.0,1.0);
INSERT INTO events (id, parent, decay_mode, energy, event_weight, phase_space_weight) VALUES (104,'Pion0','γ γ',134.9770000000000038,0.5,1.0);
INSERT INTO events (id, parent, decay_mode, energy, event_weight, phase_space_weight) VALUES (105,'Pion0','γ γ',134.9770000000000038,0.5,1.0);
INSERT INTO events (id, parent, decay_mode, energy, event_weight, phase_space_weight) VALUES (106,'Pion0','γ γ',134.9770000000000038,0.5,1.0);
INSERT INTO events (id, parent, decay_mode, energy, event_weight, phase_space_weight) VALUES (107,'Pion0','γ γ',134.9770000000000038,0.5,1.0);
INSERT INTO events (id, parent, decay_mode, energy, event_weight, phase_space_weight) VALUES (108,'Pion0','γ γ',134.9770000000000038,0.5,1.0);
INSERT INTO events (id, parent, decay_mode, energy, event_weight, phase_space_weight) VALUES (109,'Pion0','γ γ',134.9770000000000038,0.5,1.0);
INSERT INTO events (id, parent, decay_mode, energy, event_weight, phase_space_weight) VALUES (110,'Pion0','γ γ',134.9770000000000038,0.5,1.0);
INSERT INTO events (id, parent, decay_mode, energy, event_weight, phase_space_weight) VALUES (111,'Pion0','γ γ',134.9770000000000038,0.5,1.0);
INSERT INTO events (id, parent, decay_mode, energy, event_weight, phase_space_weight) VALUES (112,'Pion0','γ γ',134.9770000000000038,0.5,1.0);
INSERT INTO events (id, parent, decay_mode, energy, event_weight, phase_space_weight) VALUES (113,'Pion0','γ γ',134.9770000000000038,0.5,1.0);
INSERT INTO final_states VALUES(1,1,'Antimuon',-20.23237363988683413,18.78908098343448074,-11.10396160500328122,109.8096829547897074);
INSERT INTO final_states VALUES(2,1,'Muon neutrino',20.23237363988683413,-18.78908098343448074,11.10396160500328122,29.76031704521028587);
INSERT INTO final_states VALUES(3,2,'Antimuon',4.884659504117017548,23.80804123150793927,17.17538194274267482,109.8096829547897074);
INSERT INTO final_states VALUES(4,2,'Muon neutrino',-4.884659504117017548,-23.80804123150793927,-17.17538194274267482,29.76031704521028587);
INSERT INTO final_states VALUES(5,3,'Antimuon',-22.63106255120920807,-10.8503275358445812,15.99318200983102578,109.8096829547897074);
INSERT INTO final_states VALUES(6,3,'Muon neutrino',22.63106255120920807,10.8503275358445812,-15.99318200983102578,29.76031704521028587);
INSERT INTO final_states VALUES(7,4,'Antimuon',17.15985542144606413,-19.09808677290447676,-15.04921639691293401,109.8096829547897074);
INSERT INTO final_states VALUES(8,4,'Muon neutrino',-17.15985542144606413,19.09808677290447676,15.04921639691293401,29.76031704521028587);
INSERT INTO final_states VALUES(9,5,'Antimuon',-5.83190287486283232,-28.37476541164661369,6.821881509057715398,109.8096829547897074);
INSERT INTO final_states VALUES(10,5,'Muon neutrino',5.83190287486283232,28.37476541164661369,-6.821881509057715398,29.76031704521028587);
INSERT INTO final_states VALUES(11,6,'Antimuon',-27.53355952959445573,4.498912295968286124,10.36047095526538797,109.8096829547897074);
INSERT INTO final_states VALUES(12,6,'Muon neutrino',27.53355952959445573,-4.498912295968286124,-10.36047095526538797,29.76031704521028587);
INSERT INTO final_states VALUES(13,7,'Antimuon',-21.50006431801228856,1.410884928917903514,-20.52883602813663799,109.8096829547897074);
INSERT INTO final_states VALUES(14,7,'Muon neutrino',21.50006431801228856,-1.410884928917903514,20.52883602813663799,29.76031704521028587);
INSERT INTO final_states VALUES(15,8,'Antimuon',5.982926661951449176,19.09873453635119133,-22.02542617746886578,109.8096829547897074);
INSERT INTO final_states VALUES(16,8,'Muon neutrino',-5.982926661951449176,-19.09873453635119133,22.02542617746886578,29.76031704521028587);
INSERT INTO final_states VALUES(17,9,'Antimuon',24.61426609959965361,-15.31538485489397239,6.727061896252891415,109.8096829547897074);
INSERT INTO final_states VALUES(18,9,'Muon neutrino',-24.61426609959965361,15.31538485489397239,-6.727061896252891415,29.76031704521028587);
INSERT INTO final_states VALUES(19,10,'Antimuon',18.32984522309881114,9.88685931542276996,21.25895711472492877,109.8096829547897074);
INSERT INTO final_states VALUES(20,10,'Muon neutrino',-18.32984522309881114,-9.88685931542276996,-21.25895711472492877,29.76031704521028587);
INSERT INTO final_states VALUES(21,11,'Antimuon',26.00114175294880425,-12.78404741268347954,-6.795971595346554039,109.8096829547897074);
INSERT INTO final_states VALUES(22,11,'Muon neutrino',-26.00114175294880425,12.78404741268347954,6.795971595346554039,29.76031704521028587);
INSERT INTO final_states VALUES(23,12,'Antimuon',17.48839555515731802,22.89151410528782549,7.470680926474915217,109.8096829547897074);
INSERT INTO final_states VALUES(24,12,'Muon neutrino',-17.48839555515731802,-22.89151410528782549,-7.470680926474915217,29.76031704521028587);
INSERT INTO final_states VALUES(25,13,'Antimuon',-9.67531650787157993,-11.7296906935455354,-25.58278869352778174,109.8096829547897074);
INSERT INTO final_states VALUES(26,13,'Muon neutrino',9.67531650787157993,11.7296906935455354,25.58278869352778174,29.76031704521028587);
INSERT INTO final_states VALUES(27,14,'Antimuon',-4.317788896628419692,-27.92154471696908758,-9.34989359799788211,109.8096829547897074);
INSERT INTO final_states VALUES(28,14,'Muon neutrino',4.317788896628419692,27.92154471696908758,9.34989359799788211,29.76031704521028587);
INSERT INTO final_states VALUES(29,15,'Antimuon',18.21886837395236113,-20.81051287679593997,10.98507440160251569,109.8096829547897074);
INSERT INTO final_states VALUES(30,15,'Muon neutrino',-18.21886837395236113,20.81051287679593997,-10.98507440160251569,29.76031704521028587);
INSERT INTO final_states VALUES(31,16,'Antimuon',-26.64675484551908013,-13.12192131282194652,-1.855291862308547036,109.8096829547897074);
INSERT INTO final_states VALUES(32,16,'Muon neutrino',26.64675484551908013,13.12192131282194652,1.855291862308547036,29.76031704521028587);
INSERT INTO final_states VALUES(33,17,'Antimuon',13.19680493570107594,-3.434117582076216202,-26.4523656135507963,109.8096829547897074);
INSERT INTO final_states VALUES(34,17,'Muon neutrino',-13.19680493570107594,3.434117582076216202,26.4523656135507963,29.76031704521028587);
INSERT INTO final_states VALUES(35,18,'Antimuon',-21.38707968210410825,13.27389757587683405,-15.8768049823601043,109.8096829547897074);
INSERT INTO final_states VALUES(36,18,'Muon neutrino',21.38707968210410825,-13.27389757587683405,15.8768049823601043,29.76031704521028587);
INSERT INTO final_states VALUES(37,19,'Antimuon',21.84684965947504054,6.072589872952648627,-19.27473171856465228,109.8096829547897074);
INSERT INTO final_states VALUES(38,19,'Muon neutrino',-21.84684965947504054,-6.072589872952648627,19.27473171856465228,29.76031704521028587);
INSERT INTO final_states VALUES(39,20,'Antimuon',17.61093176131901573,-15.03831680339058962,-18.69172492977732957,109.8096829547897074);
INSERT INTO final_states VALUES(40,20,'Muon neutrino',-17.61093176131901573,15.03831680339058962,18.69172492977732957,29.76031704521028587);
INSERT INTO final_states VALUES(41,21,'Antimuon',-27.72116540181367129,-1.350348880752123338,-10.7419745529848445,109.8096829547897074);
INSERT INTO final_states VALUES(42,21,'Muon neutrino',27.72116540181367129,1.350348880752123338,10.7419745529848445,29.76031704521028587);
INSERT INTO final_states VALUES(43,22,'Antimuon',11.83989263575769435,-19.90960342286121688,-18.68424749754609593,109.8096829547897074);
INSERT INTO final_states VALUES(44,22,'Muon neutrino',-11.83989263575769435,19.90960342286121688,18.68424749754609593,29.76031704521028587);
INSERT INTO final_states VALUES(45,23,'Antimuon',-24.93405562216978665,8.924700853330907791,-13.57641541573222454,109.8096829547897074);
INSERT INTO final_states VALUES(46,23,'Muon neutrino',24.93405562216978665,-8.924700853330907791,13.57641541573222454,29.76031704521028587);
INSERT INTO final_states VALUES(47,24,'Antimuon',-6.224046882412246796,17.88847153007142765,-22.95518018563113216,109.8096829547897074);
INSERT INTO final_states VALUES(48,24,'Muon neutrino',6.224046882412246796,-17.88847153007142765,22.95518018563113216,29.76031704521028587);
INSERT INTO final_states VALUES(49,25,'Antimuon',-7.818952950705320148,26.5551370416774759,-10.9254355557945253,109.8096829547897074);
INSERT INTO final_states VALUES(50,25,'Muon neutrino',7.818952950705320148,-26.5551370416774759,10.9254355557945253,29.76031704521028587);
INSERT INTO final_states VALUES(51,26,'Antimuon',-28.83195523001375448,-2.462727903439618338,-6.951963716787977531,109.8096829547897074);
INSERT INTO final_states VALUES(52,26,'Muon neutrino',28.83195523001375448,2.462727903439618338,6.951963716787977531,29.76031704521028587);
INSERT INTO final_states VALUES(53,27,'Antimuon',16.58995609212547251,22.09618157092710789,11.05479929611587763,109.8096829547897074);
INSERT INTO final_states VALUES(54,27,'Muon neutrino',-16.58995609212547251,-22.09618157092710789,-11.05479929611587763,29.76031704521028587);
INSERT INTO final_states VALUES(55,28,'Antimuon',-8.23985050049419776,7.109236059050845213,27.69909920949832483,109.8096829547897074);
INSERT INTO final_states VALUES(56,28,'Muon neutrino',8.23985050049419776,-7.109236059050845213,-27.69909920949832483,29.76031704521028587);
INSERT INTO final_states VALUES(57,29,'Antimuon',-8.433537887924453358,-8.040485591495597717,27.38434773328238947,109.8096829547897074);
INSERT INTO final_states VALUES(58,29,'Muon neutrino',8.433537887924453358,8.040485591495597717,-27.38434773328238947,29.76031704521028587);
INSERT INTO final_states VALUES(59,30,'Antimuon',-29.02428548026825084,-5.700520395655506612,-3.281979617553870909,109.8096829547897074);
INSERT INTO final_states VALUES(60,30,'Muon neutrino',29.02428548026825084,5.700520395655506612,3.281979617553870909,29.76031704521028587);
INSERT INTO final_states VALUES(61,31,'Antimuon',7.5346707343184951,22.22928789860534593,18.29655615348845288,109.8096829547897074);
INSERT INTO final_states VALUES(62,31,'Muon neutrino',-7.5346707343184951,-22.22928789860534593,-18.29655615348845288,29.76031704521028587);
INSERT INTO final_states VALUES(63,32,'Antimuon',2.218547323730014398,-28.94221832070951806,-6.565250724853602726,109.8096829547897074);
INSERT INTO final_states VALUES(64,32,'Muon neutrino',-2.218547323730014398,28.94221832070951806,6.565250724853602726,29.76031704521028587);
INSERT INTO final_states VALUES(65,33,'Antimuon',24.81222663018628439,4.389759980214685165,15.83539982443809357,109.8096829547897074);
INSERT INTO final_states VALUES(66,33,'Muon neutrino',-24.81222663018628439,-4.389759980214685165,-15.83539982443809357,29.76031704521028587);
INSERT INTO final_states VALUES(67,34,'Antimuon',21.51857402599286572,-16.29466567686448287,12.534405171308034,109.8096829547897074);
INSERT INTO final_states VALUES(68,34,'Muon neutrino',-21.51857402599286572,16.29466567686448287,-12.534405171308034,29.76031704521028587);
INSERT INTO final_states VALUES(69,35,'Antimuon',3.792136312918447771,29.51772278967983353,0.01463308905108689009,109.8096829547897074);
INSERT INTO final_states VALUES(70,35,'Muon neutrino',-3.792136312918447771,-29.51772278967983353,-0.01463308905108689009,29.76031704521028587);
INSERT INTO final_states VALUES(71,36,'Antimuon',-9.62713628190623893,-8.61043102264714122,26.81147506656942881,109.8096829547897074);
INSERT INTO final_states VALUES(72,36,'Muon neutrino',9.62713628190623893,8.61043102264714122,-26.81147506656942881,29.76031704521028587);
INSERT INTO final_states VALUES(73,37,'Antimuon',-25.13464783459442487,14.60281840456018542,-6.378373108073088993,109.8096829547897074);
INSERT INTO final_states VALUES(74,37,'Muon neutrino',25.13464783459442487,-14.60281840456018542,6.378373108073088993,29.76031704521028587);
INSERT INTO final_states VALUES(75,38,'Antimuon',-6.102199301915936403,-20.18098208098340151,21.00399001518895759,109.8096829547897074);
INSERT INTO final_states VALUES(76,38,'Muon neutrino',6.102199301915936403,20.18098208098340151,-21.00399001518895759,29.76031704521028587);
INSERT INTO final_states VALUES(77,39,'Antimuon',28.52893363273040351,-8.39309573758428229,1.154279147538666895,109.8096829547897074);
INSERT INTO final_states VALUES(78,39,'Muon neutrino',-28.52893363273040351,8.39309573758428229,-1.154279147538666895,29.76031704521028587);
INSERT INTO final_states VALUES(79,40,'Antimuon',25.45305489613619442,10.21228440336194331,11.5554192632964039,109.8096829547897074);
INSERT INTO final_states VALUES(80,40,'Muon neutrino',-25.45305489613619442,-10.21228440336194331,-11.5554192632964039,29.76031704521028587);
INSERT INTO final_states VALUES(81,41,'Antimuon',22.34235467830131939,-17.39372375437455886,9.162643287661438763,109.8096829547897074);
INSERT INTO final_states VALUES(82,41,'Muon neutrino',-22.34235467830131939,17.39372375437455886,-9.162643287661438763,29.76031704521028587);
INSERT INTO final_states VALUES(83,42,'Antimuon',25.30364733237888685,-10.63043665446996933,11.50633385772071549,109.8096829547897074);
INSERT INTO final_states VALUES(84,42,'Muon neutrino',-25.30364733237888685,10.63043665446996933,-11.50633385772071549,29.76031704521028587);
INSERT INTO final_states VALUES(85,43,'Antimuon',-1.675762869697048574,-6.32453877500821715,-29.03219762125141302,109.8096829547897074);
INSERT INTO final_states VALUES(86,43,'Muon neutrino',1.675762869697048574,6.32453877500821715,29.03219762125141302,29.76031704521028587);
INSERT INTO final_states VALUES(87,44,'Antimuon',20.75398302662176064,-18.29471600053839708,10.96594845974456511,109.8096829547897074);
INSERT INTO final_states VALUES(88,44,'Muon neutrino',-20.75398302662176064,18.29471600053839708,-10.96594845974456511,29.76031704521028587);
INSERT INTO final_states VALUES(89,45,'Antimuon',22.45670438277420544,-12.94551322734687559,-14.62144268452024675,109.8096829547897074);
INSERT INTO final_states VALUES(90,45,'Muon neutrino',-22.45670438277420544,12.94551322734687559,14.62144268452024675,29.76031704521028587);
INSERT INTO final_states VALUES(91,46,'Antimuon',24.02405442803548396,-9.029781541065052153,-15.06599896425269768,109.8096829547897074);
INSERT INTO final_states VALUES(92,46,'Muon neutrino',-24.02405442803548396,9.029781541065052153,15.06599896425269768,29.76031704521028587);
INSERT INTO final_states VALUES(93,47,'Antimuon',26.19276400730125687,-1.524963797663256848,14.04599835202447444,109.8096829547897074);
INSERT INTO final_states VALUES(94,47,'Muon neutrino',-26.19276400730125687,1.524963797663256848,-14.04599835202447444,29.76031704521028587);
INSERT INTO final_states VALUES(95,48,'Antimuon',-15.49297536132039709,2.171928932722761551,25.31653431645324303,109.8096829547897074);
INSERT INTO final_states VALUES(96,48,'Muon neutrino',15.49297536132039709,-2.171928932722761551,-25.31653431645324303,29.76031704521028587);
INSERT INTO final_states VALUES(97,49,'Antimuon',-17.57106529629499648,-23.47783916566289264,5.072001882495404068,109.8096829547897074);
INSERT INTO final_states VALUES(98,49,'Muon neutrino',17.57106529629499648,23.47783916566289264,-5.072001882495404068,29.76031704521028587);
INSERT INTO final_states VALUES(99,50,'Antimuon',-22.61222528602952763,1.833575437176762302,-19.26140543577915664,109.8096829547897074);
INSERT INTO final_states VALUES(100,50,'Muon neutrino',22.61222528602952763,-1.833575437176762302,19.26140543577915664,29.76031704521028587);
INSERT INTO final_states VALUES(101,51,'Antimuon',11.14704986474544412,15.36319893344538911,-22.92142815087434471,109.8096829547897074);
INSERT INTO final_states VALUES(102,51,'Muon neutrino',-11.14704986474544412,-15.36319893344538911,22.92142815087434471,29.76031704521028587);
INSERT INTO final_states VALUES(103,52,'Antimuon',19.61754935278775846,21.91420589352449256,-4.538260468349835542,109.8096829547897074);
INSERT INTO final_states VALUES(104,52,'Muon neutrino',-19.61754935278775846,-21.91420589352449256,4.538260468349835542,29.76031704521028587);
INSERT INTO final_states VALUES(105,53,'Antimuon',9.180520722640896025,27.48887812346497484,-6.764324756092330304,109.8096829547897074);
INSERT INTO final_states VALUES(106,53,'Muon neutrino',-9.180520722640896025,-27.48887812346497484,6.764324756092330304,29.76031704521028587);
INSERT INTO final_states VALUES(107,54,'Antimuon',2.826612899043980054,28.61384353790823453,-7.676893130589948377,109.8096829547897074);
INSERT INTO final_states VALUES(108,54,'Muon neutrino',-2.826612899043980054,-28.61384353790823453,7.676893130589948377,29.76031704521028587);
INSERT INTO final_states VALUES(109,55,'Antimuon',25.09250116192626479,15.98406158298635126,-0.7433918088484763321,109.8096829547897074);
INSERT INTO final_states VALUES(110,55,'Muon neutrino',-25.09250116192626479,-15.98406158298635126,0.7433918088484763321,29.76031704521028587);
INSERT INTO final_states VALUES(111,56,'Antimuon',-14.60946727831716884,-0.8512846000740866837,-25.91361130766783916,109.8096829547897074);
INSERT INTO final_states VALUES(112,56,'Muon neutrino',14.60946727831716884,0.8512846000740866837,25.91361130766783916,29.76031704521028587);
INSERT INTO final_states VALUES(113,57,'Antimuon',5.555733299441027561,-20.94627539966358754,20.39764312410539304,109.8096829547897074);
INSERT INTO final_states VALUES(114,57,'Muon neutrino',-5.555733299441027561,20.94627539966358754,-20.39764312410539304,29.76031704521028587);
INSERT INTO final_states VALUES(115,58,'Antimuon',-8.284109396205568743,-28.5461646180351849,-1.471899365842911145,109.8096829547897074);
INSERT INTO final_states VALUES(116,58,'Muon neutrino',8.284109396205568743,28.5461646180351849,1.471899365842911145,29.76031704521028587);
INSERT INTO final_states VALUES(117,59,'Antimuon',-29.38030992956448272,-3.641056852677298838,3.035879455732779953,109.8096829547897074);
INSERT INTO final_states VALUES(118,59,'Muon neutrino',29.38030992956448272,3.641056852677298838,-3.035879455732779953,29.76031704521028587);
INSERT INTO final_states VALUES(119,60,'Antimuon',24.10815526516981321,-17.39527655306477171,1.370282446904196982,109.8096829547897074);
INSERT INTO final_states VALUES(120,60,'Muon neutrino',-24.10815526516981321,17.39527655306477171,-1.370282446904196982,29.76031704521028587);
INSERT INTO final_states VALUES(121,61,'Antimuon',24.68603068832046077,13.8314788023591273,-9.217730394550731176,109.8096829547897074);
INSERT INTO final_states VALUES(122,61,'Muon neutrino',-24.68603068832046077,-13.8314788023591273,9.217730394550731176,29.76031704521028587);
INSERT INTO final_states VALUES(123,62,'Antimuon',-22.92845317569987529,-0.097776818200352153,18.97242592013459017,109.8096829547897074);
INSERT INTO final_states VALUES(124,62,'Muon neutrino',22.92845317569987529,0.097776818200352153,-18.97242592013459017,29.76031704521028587);
INSERT INTO final_states VALUES(125,63,'Antimuon',-22.74002050565303889,-10.3548568483670671,16.16616459410638384,109.8096829547897074);
INSERT INTO final_states VALUES(126,63,'Muon neutrino',22.74002050565303889,10.3548568483670671,-16.16616459410638384,29.76031704521028587);
INSERT INTO final_states VALUES(127,64,'Antimuon',-24.56674032517061689,-1.799667142685371646,-16.70068677038787186,109.8096829547897074);
INSERT INTO final_states VALUES(128,64,'Muon neutrino',24.56674032517061689,1.799667142685371646,16.70068677038787186,29.76031704521028587);
INSERT INTO final_states VALUES(129,65,'Antimuon',25.29171506252846768,-0.4770848348155509177,15.6773087578095982,109.8096829547897074);
INSERT INTO final_states VALUES(130,65,'Muon neutrino',-25.29171506252846768,0.4770848348155509177,-15.6773087578095982,29.76031704521028587);
INSERT INTO final_states VALUES(131,66,'Antimuon',-15.12504333966044178,-0.4809440482541711414,25.62573369539448009,109.8096829547897074);
INSERT INTO final_states VALUES(132,66,'Muon neutrino',15.12504333966044178,0.4809440482541711414,-25.62573369539448009,29.76031704521028587);
INSERT INTO final_states VALUES(133,67,'Antimuon',-15.56246045853014693,-11.88969539175760203,22.40806637350348395,109.8096829547897074);
INSERT INTO final_states VALUES(134,67,'Muon neutrino',15.56246045853014693,11.88969539175760203,-22.40806637350348395,29.76031704521028587);
INSERT INTO final_states VALUES(135,68,'Antimuon',17.08414891487407772,-3.792958943051265574,-24.07118171054691303,109.8096829547897074);
INSERT INTO final_states VALUES(136,68,'Muon neutrino',-17.08414891487407772,3.792958943051265574,24.07118171054691303,29.76031704521028587);
INSERT INTO final_states VALUES(137,69,'Antimuon',-27.25220162671209678,-9.36539168477876949,-7.435281818407498022,109.8096829547897074);
INSERT INTO final_states VALUES(138,69,'Muon neutrino',27.25220162671209678,9.36539168477876949,7.435281818407498022,29.76031704521028587);
INSERT INTO final_states VALUES(139,70,'Antimuon',0.3683306523147786282,-6.621169046777469091,-29.01208237296997794,109.8096829547897074);
INSERT INTO final_states VALUES(140,70,'Muon neutrino',-0.3683306523147786282,6.621169046777469091,29.01208237296997794,29.76031704521028587);
INSERT INTO final_states VALUES(141,71,'Antimuon',7.342230711510210561,-2.208325595485285842,28.75571972451245628,109.8096829547897074);
INSERT INTO final_states VALUES(142,71,'Muon neutrino',-7.342230711510210561,2.208325595485285842,-28.75571972451245628,29.76031704521028587);
INSERT INTO final_states VALUES(143,72,'Antimuon',-24.76680135729076326,-6.14171959590852623,-15.31539426737580457,109.8096829547897074);
INSERT INTO final_states VALUES(144,72,'Muon neutrino',24.76680135729076326,6.14171959590852623,15.31539426737580457,29.76031704521028587);
INSERT INTO final_states VALUES(145,73,'Antimuon',-24.39980806196475526,9.33800231981288676,14.25228226796967234,109.8096829547897074);
INSERT INTO final_states VALUES(146,73,'Muon neutrino',24.39980806196475526,-9.33800231981288676,-14.25228226796967234,29.76031704521028587);
INSERT INTO final_states VALUES(147,74,'Antimuon',-4.834913451327516931,20.73301046603673826,-20.7952484852866597,109.8096829547897074);
INSERT INTO final_states VALUES(148,74,'Muon neutrino',4.834913451327516931,-20.73301046603673826,20.7952484852866597,29.76031704521028587);
INSERT INTO final_states VALUES(149,75,'Antimuon',17.92096570626004847,-20.32316723644276024,12.3078971504503869,109.8096829547897074);
INSERT INTO final_states VALUES(150,75,'Muon neutrino',-17.92096570626004847,20.32316723644276024,-12.3078971504503869,29.76031704521028587);
INSERT INTO final_states VALUES(151,76,'Antimuon',-0.06789312608023558016,13.52610940064820788,26.5087952505684612,109.8096829547897074);
INSERT INTO final_states VALUES(152,76,'Muon neutrino',0.06789312608023558016,-13.52610940064820788,-26.5087952505684612,29.76031704521028587);
INSERT INTO final_states VALUES(153,77,'Antimuon',21.06578989982121541,-10.7110389676298432,18.08818981440484918,109.8096829547897074);
INSERT INTO final_states VALUES(154,77,'Muon neutrino',-21.06578989982121541,10.7110389676298432,-18.08818981440484918,29.76031704521028587);
INSERT INTO final_states VALUES(155,78,'Antimuon',-5.776394841882864562,-18.31007491778692397,22.73875303896704736,109.8096829547897074);
INSERT INTO final_states VALUES(156,78,'Muon neutrino',5.776394841882864562,18.31007491778692397,-22.73875303896704736,29.76031704521028587);
INSERT INTO final_states VALUES(157,79,'Antimuon',-20.67253729960952314,17.80786219392495085,11.88287491770680404,109.8096829547897074);
INSERT INTO final_states VALUES(158,79,'Muon neutrino',20.67253729960952314,-17.80786219392495085,-11.88287491770680404,29.76031704521028587);
INSERT INTO final_states VALUES(159,80,'Antimuon',26.96065334389721712,4.444537736113803206,-11.7917651865146098,109.8096829547897074);
INSERT INTO final_states VALUES(160,80,'Muon neutrino',-26.96065334389721712,-4.444537736113803206,11.7917651865146098,29.76031704521028587);
INSERT INTO final_states VALUES(161,81,'Antimuon',14.96009508527879639,-23.74404539557408001,-9.90415740604765027,109.8096829547897074);
INSERT INTO final_states VALUES(162,81,'Muon neutrino',-14.96009508527879639,23.74404539557408001,9.90415740604765027,29.76031704521028587);
INSERT INTO final_states VALUES(163,82,'Antimuon',10.34211857706420191,-23.08126811357686847,-15.68349821431931445,109.8096829547897074);
INSERT INTO final_states VALUES(164,82,'Muon neutrino',-10.34211857706420191,23.08126811357686847,15.68349821431931445,29.76031704521028587);
INSERT INTO final_states VALUES(165,83,'Antimuon',-19.30276785736528211,16.20264579379952252,15.82889424302185156,109.8096829547897074);
INSERT INTO final_states VALUES(166,83,'Muon neutrino',19.30276785736528211,-16.20264579379952252,-15.82889424302185156,29.76031704521028587);
INSERT INTO final_states VALUES(167,84,'Antimuon',-9.218625086132460566,23.23897132475399729,-16.1444614007412639,109.8096829547897074);
INSERT INTO final_states VALUES(168,84,'Muon neutrino',9.218625086132460566,-23.23897132475399729,16.1444614007412639,29.76031704521028587);
INSERT INTO final_states VALUES(169,85,'Antimuon',10.99073485228102243,26.08852840076918866,9.179809579754293126,109.8096829547897074);
INSERT INTO final_states VALUES(170,85,'Muon neutrino',-10.99073485228102243,-26.08852840076918866,-9.179809579754293126,29.76031704521028587);
INSERT INTO final_states VALUES(171,86,'Antimuon',-15.68662161014812284,-25.20794623451442717,-2.041033985336291324,109.8096829547897074);
INSERT INTO final_states VALUES(172,86,'Muon neutrino',15.68662161014812284,25.20794623451442717,2.041033985336291324,29.76031704521028587);
INSERT INTO final_states VALUES(173,87,'Antimuon',24.96400419245208369,-6.103250693057910681,15.00750799727779495,109.8096829547897074);
INSERT INTO final_states VALUES(174,87,'Muon neutrino',-24.96400419245208369,6.103250693057910681,-15.00750799727779495,29.76031704521028587);
INSERT INTO final_states VALUES(175,88,'Antimuon',-25.27527765095964795,13.48740300483311393,-8.057714966636147835,109.8096829547897074);
INSERT INTO final_states VALUES(176,88,'Muon neutrino',25.27527765095964795,-13.48740300483311393,8.057714966636147835,29.76031704521028587);
INSERT INTO final_states VALUES(177,89,'Antimuon',-1.245198055433701211,24.55154507742591364,16.77341905352935214,109.8096829547897074);
INSERT INTO final_states VALUES(178,89,'Muon neutrino',1.245198055433701211,-24.55154507742591364,-16.77341905352935214,29.76031704521028587);
INSERT INTO final_states VALUES(179,90,'Antimuon',-3.677069112084006441,3.096792217058874198,-29.3694656291318168,109.8096829547897074);
INSERT INTO final_states VALUES(180,90,'Muon neutrino',3.677069112084006441,-3.096792217058874198,29.3694656291318168,29.76031704521028587);
INSERT INTO final_states VALUES(181,91,'Antimuon',12.84759048388682245,-26.56245691541060338,-3.87966132629253524,109.8096829547897074);
INSERT INTO final_states VALUES(182,91,'Muon neutrino',-12.84759048388682245,26.56245691541060338,3.87966132629253524,29.76031704521028587);
INSERT INTO final_states VALUES(183,92,'Antimuon',23.38431276803413183,0.8000133092931077661,18.39049661382594891,109.8096829547897074);
INSERT INTO final_states VALUES(184,92,'Muon neutrino',-23.38431276803413183,-0.8000133092931077661,-18.39049661382594891,29.76031704521028587);
INSERT INTO final_states VALUES(185,93,'Antimuon',29.42088726121005849,-4.256906795936718169,-1.402357987572808051,109.8096829547897074);
INSERT INTO final_states VALUES(186,93,'Muon neutrino',-29.42088726121005849,4.256906795936718169,1.402357987572808051,29.76031704521028587);
INSERT INTO final_states VALUES(187,94,'Antimuon',9.007113347389514856,-11.97021893184976981,25.71501970643415547,109.8096829547897074);
INSERT INTO final_states VALUES(188,94,'Muon neutrino',-9.007113347389514856,11.97021893184976981,-25.71501970643415547,29.76031704521028587);
INSERT INTO final_states VALUES(189,95,'Antimuon',-10.63227103686195462,22.02781478644856961,-16.95307225738326196,109.8096829547897074);
INSERT INTO final_states VALUES(190,95,'Muon neutrino',10.63227103686195462,-22.02781478644856961,16.95307225738326196,29.76031704521028587);
INSERT INTO final_states VALUES(191,96,'Antimuon',-29.59150014031461851,-2.034791679540759013,-2.424708827481241613,109.8096829547897074);
INSERT INTO final_states VALUES(192,96,'Muon neutrino',29.59150014031461851,2.034791679540759013,2.424708827481241613,29.76031704521028587);
INSERT INTO final_states VALUES(193,97,'Antimuon',15.76030592598521629,-22.16452647825854072,12.08399742408798972,109.8096829547897074);
INSERT INTO final_states VALUES(194,97,'Muon neutrino',-15.76030592598521629,22.16452647825854072,-12.08399742408798972,29.76031704521028587);
INSERT INTO final_states VALUES(195,98,'Antimuon',9.59122184469439354,26.31585937441363399,-10.05785660781545055,109.8096829547897074);
INSERT INTO final_states VALUES(196,98,'Muon neutrino',-9.59122184469439354,-26.31585937441363399,10.05785660781545055,29.76031704521028587);
INSERT INTO final_states VALUES(197,99,'Antimuon',28.1742714106782941,-6.937797168613673015,-6.614670933315260903,109.8096829547897074);
INSERT INTO final_states VALUES(198,99,'Muon neutrino',-28.1742714106782941,6.937797168613673015,6.614670933315260903,29.76031704521028587);
INSERT INTO final_states VALUES(199,100,'Antimuon',16.40380244392523323,-18.29144421804291554,-16.79329641346006952,109.8096829547897074);
INSERT INTO final_states VALUES(200,100,'Muon neutrino',-16.40380244392523323,18.29144421804291554,16.79329641346006952,29.76031704521028587);
INSERT INTO final_states VALUES(201,101,'Antimuon',11.81292079452730804,2.824453997039105601,-27.16898659413464401,109.8096829547897074);
INSERT INTO final_states VALUES(202,101,'Muon neutrino',-11.81292079452730804,-2.824453997039105601,27.16898659413464401,29.76031704521028587);
INSERT INTO final_states VALUES(203,102,'Antimuon',28.07547566918770343,-7.298017526056151282,-6.647035186431655696,109.8096829547897074);
INSERT INTO final_states VALUES(204,102,'Muon neutrino',-28.07547566918770343,7.298017526056151282,6.647035186431655696,29.76031704521028587);
INSERT INTO final_states VALUES(205,103,'Antimuon',12.66074246549810134,-18.29583878090421578,19.7647249957323794,109.8096829547897074);
INSERT INTO final_states VALUES(206,103,'Muon neutrino',-12.66074246549810134,18.29583878090421578,-19.7647249957323794,29.76031704521028587);
INSERT INTO final_states VALUES(207,104,'Photon',10.09711743412164076,59.41935653414804364,-30.36586769449139211,67.48850000000000193);
INSERT INTO final_states VALUES(208,105,'Photon',35.77147882225131781,21.74767249146902869,52.93522151009692323,67.48850000000000193);
INSERT INTO final_states VALUES(209,106,'Photon',-55.75743896070418514,-1.876849602963337249,-37.97740207493402664,67.48850000000000193);
INSERT INTO final_states VALUES(210,107,'Photon',-61.83494540352309343,-17.94005992609973177,20.23095175816670377,67.48850000000000193);
INSERT INTO final_states VALUES(211,108,'Photon',52.96806803524671636,2.164043281144032438,41.76599475100300652,67.48850000000000193);
INSERT INTO final_states VALUES(212,109,'Photon',35.78638886638196936,53.00085223631944587,-21.56250603195100978,67.48850000000000193);
INSERT INTO final_states VALUES(213,110,'Photon',32.1439506442408458,22.35552041659587275,-54.96994429807777749,67.48850000000000193);
INSERT INTO final_states VALUES(214,111,'Photon',-6.763728324930731617,-52.82434680080350375,41.45525294175601517,67.48850000000000193);
INSERT INTO final_states VALUES(215,112,'Photon',-61.9981116395121603,-21.02697355727666917,-16.39506536754807442,67.48850000000000193);
INSERT INTO final_states VALUES(216,113,'Photon',-41.19934395344729693,-21.76494985653520331,48.82211228324778318,67.48850000000000193);

